name,npdId,field,year,month,operationTime,operationTimeUom,wellStatus,oil,oilUom,gas,gasUom,condensate,condensateUom,water,waterUom
33/9-L-3 H,2206,STATFJORD ØST,1994,10,23.91,d,producing,51473,Sm3,7547000,Sm3,,Sm3,0,Sm3
33/9-L-3 H,2206,STATFJORD ØST,1994,11,28.45,d,producing,90972,Sm3,13310000,Sm3,,Sm3,0,Sm3
33/9-L-3 H,2206,STATFJORD ØST,1994,12,30.81,d,producing,110652,Sm3,16155000,Sm3,,Sm3,0,Sm3
33/9-L-3 H,2206,STATFJORD ØST,1995,1,27.5,d,producing,99745,Sm3,14158000,Sm3,,Sm3,0,Sm3
33/9-L-3 H,2206,STATFJORD ØST,1995,2,21.58,d,producing,86007,Sm3,12235000,Sm3,,Sm3,0,Sm3
33/9-L-3 H,2206,STATFJORD ØST,1995,3,30.89,d,producing,126673,Sm3,18049000,Sm3,,Sm3,0,Sm3
33/9-L-3 H,2206,STATFJORD ØST,1995,4,29.9,d,producing,127466,Sm3,18174000,Sm3,,Sm3,0,Sm3
33/9-L-3 H,2206,STATFJORD ØST,1995,5,30.58,d,producing,124589,Sm3,17742000,Sm3,,Sm3,0,Sm3
33/9-L-3 H,2206,STATFJORD ØST,1995,6,24.87,d,producing,83092,Sm3,11848000,Sm3,,Sm3,0,Sm3
33/9-L-3 H,2206,STATFJORD ØST,1995,7,29.83,d,producing,76922,Sm3,10958000,Sm3,,Sm3,0,Sm3
33/9-L-3 H,2206,STATFJORD ØST,1995,8,29.28,d,producing,85177,Sm3,12130000,Sm3,,Sm3,0,Sm3
33/9-L-3 H,2206,STATFJORD ØST,1995,9,29.82,d,producing,109998,Sm3,15672000,Sm3,,Sm3,0,Sm3
33/9-L-3 H,2206,STATFJORD ØST,1995,10,31,d,producing,128232,Sm3,18285000,Sm3,,Sm3,0,Sm3
33/9-L-3 H,2206,STATFJORD ØST,1995,11,29.71,d,producing,117422,Sm3,16735000,Sm3,,Sm3,0,Sm3
33/9-L-3 H,2206,STATFJORD ØST,1995,12,31,d,producing,125050,Sm3,17800000,Sm3,,Sm3,0,Sm3
33/9-L-3 H,2206,STATFJORD ØST,1996,1,30.31,d,producing,123668,Sm3,17612000,Sm3,,Sm3,0,Sm3
33/9-L-3 H,2206,STATFJORD ØST,1996,2,27.6,d,producing,112336,Sm3,15970000,Sm3,,Sm3,0,Sm3
33/9-L-3 H,2206,STATFJORD ØST,1996,3,30.05,d,producing,122146,Sm3,17375000,Sm3,,Sm3,0,Sm3
33/9-L-3 H,2206,STATFJORD ØST,1996,4,29.86,d,producing,119613,Sm3,17024000,Sm3,,Sm3,0,Sm3
33/9-L-3 H,2206,STATFJORD ØST,1996,5,25.02,d,producing,99233,Sm3,14138000,Sm3,,Sm3,0,Sm3
33/9-L-3 H,2206,STATFJORD ØST,1996,6,28.77,d,producing,106812,Sm3,15217000,Sm3,,Sm3,0,Sm3
33/9-L-3 H,2206,STATFJORD ØST,1996,7,28.4,d,producing,103310,Sm3,14714000,Sm3,,Sm3,0,Sm3
33/9-L-3 H,2206,STATFJORD ØST,1996,8,8.83,d,producing,24165,Sm3,3482000,Sm3,,Sm3,0,Sm3
33/9-L-3 H,2206,STATFJORD ØST,1996,9,29.87,d,producing,65593,Sm3,9321000,Sm3,,Sm3,0,Sm3
33/9-L-3 H,2206,STATFJORD ØST,1996,10,27.95,d,producing,61268,Sm3,8708000,Sm3,,Sm3,0,Sm3
33/9-L-3 H,2206,STATFJORD ØST,1996,11,28.75,d,producing,65535,Sm3,9323000,Sm3,,Sm3,0,Sm3
33/9-L-3 H,2206,STATFJORD ØST,1996,12,29.31,d,producing,79678,Sm3,11332000,Sm3,,Sm3,0,Sm3
33/9-L-3 H,2206,STATFJORD ØST,1997,1,29.72,d,producing,78353,Sm3,11138000,Sm3,,Sm3,0,Sm3
33/9-L-3 H,2206,STATFJORD ØST,1997,2,28,d,producing,75342,Sm3,10698000,Sm3,,Sm3,0,Sm3
33/9-L-3 H,2206,STATFJORD ØST,1997,3,25.7,d,producing,68998,Sm3,9788000,Sm3,,Sm3,0,Sm3
33/9-L-3 H,2206,STATFJORD ØST,1997,4,30,d,producing,76153,Sm3,10814000,Sm3,,Sm3,1008,Sm3
33/9-L-3 H,2206,STATFJORD ØST,1997,5,29.85,d,producing,71412,Sm3,10113000,Sm3,,Sm3,3013,Sm3
33/9-L-3 H,2206,STATFJORD ØST,1997,6,30,d,producing,69470,Sm3,9829000,Sm3,,Sm3,4684,Sm3
33/9-L-3 H,2206,STATFJORD ØST,1997,7,29.29,d,producing,74722,Sm3,10610000,Sm3,,Sm3,4097,Sm3
33/9-L-3 H,2206,STATFJORD ØST,1997,8,30.68,d,producing,80015,Sm3,11339000,Sm3,,Sm3,5257,Sm3
33/9-L-3 H,2206,STATFJORD ØST,1997,9,28.38,d,producing,72498,Sm3,10265000,Sm3,,Sm3,6209,Sm3
33/9-L-3 H,2206,STATFJORD ØST,1997,10,29.51,d,producing,70572,Sm3,10010000,Sm3,,Sm3,6133,Sm3
33/9-L-3 H,2206,STATFJORD ØST,1997,11,29.07,d,producing,64695,Sm3,9157000,Sm3,,Sm3,4299,Sm3
33/9-L-3 H,2206,STATFJORD ØST,1997,12,30.4,d,producing,62278,Sm3,8815000,Sm3,,Sm3,4079,Sm3
33/9-L-3 H,2206,STATFJORD ØST,1998,1,30.12,d,producing,64751,Sm3,9132000,Sm3,,Sm3,5432,Sm3
33/9-L-3 H,2206,STATFJORD ØST,1998,2,26.77,d,producing,62530,Sm3,8820000,Sm3,,Sm3,5728,Sm3
33/9-L-3 H,2206,STATFJORD ØST,1998,3,30.95,d,producing,67654,Sm3,9550000,Sm3,,Sm3,6088,Sm3
33/9-L-3 H,2206,STATFJORD ØST,1998,4,30,d,producing,64629,Sm3,9120000,Sm3,,Sm3,5252,Sm3
33/9-L-3 H,2206,STATFJORD ØST,1998,5,29.6,d,producing,60851,Sm3,8631000,Sm3,,Sm3,4216,Sm3
33/9-L-3 H,2206,STATFJORD ØST,1998,6,30,d,producing,57768,Sm3,8208000,Sm3,,Sm3,3377,Sm3
33/9-L-3 H,2206,STATFJORD ØST,1998,7,30.39,d,producing,60845,Sm3,8591000,Sm3,,Sm3,2976,Sm3
33/9-L-3 H,2206,STATFJORD ØST,1998,8,6.48,d,producing,12063,Sm3,1705000,Sm3,,Sm3,863,Sm3
33/9-L-3 H,2206,STATFJORD ØST,1998,9,28.95,d,producing,52867,Sm3,7455000,Sm3,,Sm3,2545,Sm3
33/9-L-3 H,2206,STATFJORD ØST,1998,10,28.68,d,producing,59299,Sm3,8379000,Sm3,,Sm3,5162,Sm3
33/9-L-3 H,2206,STATFJORD ØST,1998,11,29.75,d,producing,52557,Sm3,7443000,Sm3,,Sm3,5887,Sm3
33/9-L-3 H,2206,STATFJORD ØST,1998,12,29.74,d,producing,46685,Sm3,6599000,Sm3,,Sm3,7439,Sm3
33/9-L-3 H,2206,STATFJORD ØST,1999,1,31,d,producing,45880,Sm3,6515000,Sm3,,Sm3,8442,Sm3
33/9-L-3 H,2206,STATFJORD ØST,1999,2,27.1,d,producing,37246,Sm3,5288000,Sm3,,Sm3,6376,Sm3
33/9-L-3 H,2206,STATFJORD ØST,1999,3,30.68,d,producing,36959,Sm3,5248000,Sm3,,Sm3,6464,Sm3
33/9-L-3 H,2206,STATFJORD ØST,1999,4,28.86,d,producing,32953,Sm3,4679000,Sm3,,Sm3,6290,Sm3
33/9-L-3 H,2206,STATFJORD ØST,1999,5,21.89,d,producing,26637,Sm3,3781000,Sm3,,Sm3,6276,Sm3
33/9-L-3 H,2206,STATFJORD ØST,1999,6,24.16,d,producing,29464,Sm3,4183000,Sm3,,Sm3,7639,Sm3
33/9-L-3 H,2206,STATFJORD ØST,1999,7,28.78,d,producing,32969,Sm3,4681000,Sm3,,Sm3,7622,Sm3
33/9-L-3 H,2206,STATFJORD ØST,1999,8,29.26,d,producing,31682,Sm3,4498000,Sm3,,Sm3,13195,Sm3
33/9-L-3 H,2206,STATFJORD ØST,1999,9,30,d,producing,30469,Sm3,4326000,Sm3,,Sm3,19264,Sm3
33/9-L-3 H,2206,STATFJORD ØST,1999,10,30.1,d,producing,29508,Sm3,4190000,Sm3,,Sm3,13933,Sm3
33/9-L-3 H,2206,STATFJORD ØST,1999,11,24.85,d,producing,24846,Sm3,3528000,Sm3,,Sm3,10957,Sm3
33/9-L-3 H,2206,STATFJORD ØST,1999,12,8.23,d,producing,6205,Sm3,879000,Sm3,,Sm3,2553,Sm3
33/9-L-3 H,2206,STATFJORD ØST,2002,1,25.58,d,,8212,Sm3,1163000,Sm3,,Sm3,15401,Sm3
33/9-L-3 H,2206,STATFJORD ØST,2002,2,27.71,d,,9130,Sm3,1293000,Sm3,,Sm3,17511,Sm3
33/9-L-3 H,2206,STATFJORD ØST,2002,3,30.94,d,,11160,Sm3,1580000,Sm3,,Sm3,22700,Sm3
33/9-L-3 H,2206,STATFJORD ØST,2002,4,28.19,d,,10543,Sm3,1493000,Sm3,,Sm3,21907,Sm3
33/9-L-3 H,2206,STATFJORD ØST,2002,5,30.73,d,,10740,Sm3,1521000,Sm3,,Sm3,23749,Sm3
33/9-L-3 H,2206,STATFJORD ØST,2002,6,28.88,d,,9405,Sm3,1332000,Sm3,,Sm3,22893,Sm3
33/9-L-3 H,2206,STATFJORD ØST,2002,7,30.4,d,,12068,Sm3,1709000,Sm3,,Sm3,29101,Sm3
33/9-L-3 H,2206,STATFJORD ØST,2002,8,4.02,d,,587,Sm3,83000,Sm3,,Sm3,1236,Sm3
33/9-L-3 H,2206,STATFJORD ØST,2002,9,28.71,d,,7363,Sm3,1043000,Sm3,,Sm3,16950,Sm3
33/9-L-3 H,2206,STATFJORD ØST,2002,10,31,d,,9320,Sm3,1320000,Sm3,,Sm3,18695,Sm3
33/9-L-3 H,2206,STATFJORD ØST,2002,11,26.38,d,,8568,Sm3,1213000,Sm3,,Sm3,15487,Sm3
33/9-L-3 H,2206,STATFJORD ØST,2002,12,25.96,d,,7907,Sm3,1120000,Sm3,,Sm3,14574,Sm3
33/9-L-3 H,2206,STATFJORD ØST,2003,1,31,d,,11170,Sm3,1582000,Sm3,,Sm3,30806,Sm3
33/9-L-3 H,2206,STATFJORD ØST,2003,2,26.85,d,,9443,Sm3,1337000,Sm3,,Sm3,26194,Sm3
33/9-L-3 H,2206,STATFJORD ØST,2003,3,30.96,d,,12085,Sm3,1711000,Sm3,,Sm3,34024,Sm3
33/9-L-3 H,2206,STATFJORD ØST,2003,4,29.88,d,,12784,Sm3,1810000,Sm3,,Sm3,34182,Sm3
33/9-L-3 H,2206,STATFJORD ØST,2003,5,30.15,d,,11652,Sm3,1650000,Sm3,,Sm3,32831,Sm3
33/9-L-3 H,2206,STATFJORD ØST,2003,6,29.69,d,,11870,Sm3,1681000,Sm3,,Sm3,33025,Sm3
33/9-L-3 H,2206,STATFJORD ØST,2003,7,30.25,d,,12965,Sm3,1836000,Sm3,,Sm3,37688,Sm3
33/9-L-3 H,2206,STATFJORD ØST,2003,8,30.15,d,,11589,Sm3,1641000,Sm3,,Sm3,32802,Sm3
33/9-L-3 H,2206,STATFJORD ØST,2003,9,29.29,d,,12070,Sm3,1709000,Sm3,,Sm3,37185,Sm3
33/9-L-3 H,2206,STATFJORD ØST,2003,10,31,d,,12485,Sm3,1768000,Sm3,,Sm3,40010,Sm3
33/9-L-3 H,2206,STATFJORD ØST,2003,11,29.35,d,,11000,Sm3,1558000,Sm3,,Sm3,33586,Sm3
33/9-L-3 H,2206,STATFJORD ØST,2003,12,31,d,,9922,Sm3,1405000,Sm3,,Sm3,29105,Sm3
33/9-L-3 H,2206,STATFJORD ØST,2004,1,28.21,d,,8945,Sm3,1267000,Sm3,,Sm3,26891,Sm3
33/9-L-3 H,2206,STATFJORD ØST,2004,2,28.33,d,,12401,Sm3,1756000,Sm3,,Sm3,37530,Sm3
33/9-L-3 H,2206,STATFJORD ØST,2004,3,27.58,d,,11923,Sm3,1688000,Sm3,,Sm3,36742,Sm3
33/9-L-3 H,2206,STATFJORD ØST,2004,4,15.1,d,,6939,Sm3,983000,Sm3,,Sm3,21307,Sm3
33/9-L-3 H,2206,STATFJORD ØST,2004,5,22.83,d,,12941,Sm3,1832000,Sm3,,Sm3,26242,Sm3
33/9-L-3 H,2206,STATFJORD ØST,2004,6,28.33,d,,13405,Sm3,1898000,Sm3,,Sm3,35151,Sm3
33/9-L-3 H,2206,STATFJORD ØST,2004,7,31,d,,14267,Sm3,2020000,Sm3,,Sm3,36762,Sm3
33/9-L-3 H,2206,STATFJORD ØST,2004,8,30.06,d,,12556,Sm3,1778000,Sm3,,Sm3,31496,Sm3
33/9-L-3 H,2206,STATFJORD ØST,2004,9,30,d,,15116,Sm3,2140000,Sm3,,Sm3,39529,Sm3
33/9-L-3 H,2206,STATFJORD ØST,2004,10,30.58,d,,17092,Sm3,2420000,Sm3,,Sm3,41226,Sm3
33/9-L-3 H,2206,STATFJORD ØST,2004,11,30,d,,17662,Sm3,2508000,Sm3,,Sm3,43241,Sm3
33/9-L-3 H,2206,STATFJORD ØST,2004,12,30.69,d,,14459,Sm3,2053000,Sm3,,Sm3,34597,Sm3
33/9-L-3 H,2206,STATFJORD ØST,2005,1,30.02,d,,13747,Sm3,1952000,Sm3,,Sm3,34119,Sm3
33/9-L-3 H,2206,STATFJORD ØST,2005,2,28,d,,9189,Sm3,1305000,Sm3,,Sm3,25012,Sm3
33/9-L-3 H,2206,STATFJORD ØST,2005,3,30.56,d,,9874,Sm3,1402000,Sm3,,Sm3,26816,Sm3
33/9-L-3 H,2206,STATFJORD ØST,2005,4,29.19,d,,10053,Sm3,1427000,Sm3,,Sm3,25491,Sm3
33/9-L-3 H,2206,STATFJORD ØST,2005,5,30.79,d,,10202,Sm3,1449000,Sm3,,Sm3,26855,Sm3
33/9-L-3 H,2206,STATFJORD ØST,2005,6,30,d,,7345,Sm3,1043000,Sm3,,Sm3,32161,Sm3
33/9-L-3 H,2206,STATFJORD ØST,2005,7,31,d,,8523,Sm3,1210000,Sm3,,Sm3,33072,Sm3
33/9-L-3 H,2206,STATFJORD ØST,2005,8,29.79,d,,8824,Sm3,1253000,Sm3,,Sm3,27627,Sm3
33/9-L-3 H,2206,STATFJORD ØST,2005,9,30,d,,8931,Sm3,1268000,Sm3,,Sm3,28248,Sm3
33/9-L-3 H,2206,STATFJORD ØST,2005,10,30.04,d,,8922,Sm3,1267000,Sm3,,Sm3,30144,Sm3
33/9-L-3 H,2206,STATFJORD ØST,2005,11,29.88,d,,8052,Sm3,1143000,Sm3,,Sm3,30124,Sm3
33/9-L-3 H,2206,STATFJORD ØST,2005,12,30.44,d,,7618,Sm3,1082000,Sm3,,Sm3,31319,Sm3
33/9-L-3 H,2206,STATFJORD ØST,2006,1,28.4,d,,7088,Sm3,1006000,Sm3,,Sm3,28761,Sm3
33/9-L-3 H,2206,STATFJORD ØST,2006,2,26.98,d,,8909,Sm3,1265000,Sm3,,Sm3,44919,Sm3
33/9-L-3 H,2206,STATFJORD ØST,2006,3,30.33,d,,12645,Sm3,1796000,Sm3,,Sm3,49164,Sm3
33/9-L-3 H,2206,STATFJORD ØST,2006,4,29.98,d,,10157,Sm3,1442000,Sm3,,Sm3,39246,Sm3
33/9-L-3 H,2206,STATFJORD ØST,2006,5,31,d,,9661,Sm3,1372000,Sm3,,Sm3,45130,Sm3
33/9-L-3 H,2206,STATFJORD ØST,2006,6,.54,d,,160,Sm3,23000,Sm3,,Sm3,632,Sm3
33/9-L-3 H,2206,STATFJORD ØST,2006,7,23.48,d,,8382,Sm3,1190000,Sm3,,Sm3,32529,Sm3
33/9-L-3 H,2206,STATFJORD ØST,2006,8,28.77,d,,9839,Sm3,1397000,Sm3,,Sm3,44511,Sm3
33/9-L-3 H,2206,STATFJORD ØST,2006,9,30,d,,11657,Sm3,1655000,Sm3,,Sm3,53933,Sm3
33/9-L-3 H,2206,STATFJORD ØST,2006,10,16.87,d,,5374,Sm3,763000,Sm3,,Sm3,24463,Sm3
33/9-L-3 H,2206,STATFJORD ØST,2006,11,29.67,d,,5055,Sm3,718000,Sm3,,Sm3,22661,Sm3
33/9-L-3 H,2206,STATFJORD ØST,2006,12,30.4,d,,2638,Sm3,375000,Sm3,,Sm3,12673,Sm3
33/9-L-3 H,2206,STATFJORD ØST,2007,1,29.04,d,,2876,Sm3,408000,Sm3,,Sm3,14806,Sm3
33/9-L-3 H,2206,STATFJORD ØST,2007,2,28,d,,3163,Sm3,449000,Sm3,,Sm3,19418,Sm3
33/9-L-3 H,2206,STATFJORD ØST,2007,3,30.17,d,,5023,Sm3,713000,Sm3,,Sm3,28718,Sm3
33/9-L-3 H,2206,STATFJORD ØST,2007,4,29.69,d,,4729,Sm3,672000,Sm3,,Sm3,27451,Sm3
33/9-L-3 H,2206,STATFJORD ØST,2007,5,31,d,,7428,Sm3,1055000,Sm3,,Sm3,52475,Sm3
33/9-L-3 H,2206,STATFJORD ØST,2007,6,5.46,d,,1074,Sm3,152000,Sm3,,Sm3,7140,Sm3
33/9-L-3 H,2206,STATFJORD ØST,2007,7,0,d,,0,Sm3,0,Sm3,,Sm3,0,Sm3
33/9-L-3 H,2206,STATFJORD ØST,2007,8,0,d,,0,Sm3,0,Sm3,,Sm3,0,Sm3
33/9-L-3 H,2206,STATFJORD ØST,2007,9,0,d,,0,Sm3,0,Sm3,,Sm3,0,Sm3
33/9-L-3 H,2206,STATFJORD ØST,2007,10,0,d,,0,Sm3,0,Sm3,,Sm3,0,Sm3
33/9-L-3 H,2206,STATFJORD ØST,2007,11,0,d,,0,Sm3,0,Sm3,,Sm3,0,Sm3
33/9-L-3 H,2206,STATFJORD ØST,2007,12,0,d,,0,Sm3,0,Sm3,,Sm3,0,Sm3
33/9-L-3 H,2206,STATFJORD ØST,2008,1,0,d,,0,Sm3,0,Sm3,,Sm3,0,Sm3
33/9-L-3 H,2206,STATFJORD ØST,2008,2,0,d,,0,Sm3,0,Sm3,,Sm3,0,Sm3
33/9-L-3 H,2206,STATFJORD ØST,2008,3,0,d,,0,Sm3,0,Sm3,,Sm3,0,Sm3
33/9-L-3 H,2206,STATFJORD ØST,2008,4,0,d,,0,Sm3,0,Sm3,,Sm3,0,Sm3
33/9-L-3 H,2206,STATFJORD ØST,2008,5,29.5,d,,9208,Sm3,1307000,Sm3,,Sm3,33223,Sm3
33/9-L-3 H,2206,STATFJORD ØST,2008,6,18.77,d,,1282,Sm3,182000,Sm3,,Sm3,10384,Sm3
33/9-L-3 H,2206,STATFJORD ØST,2008,7,19.38,d,,1535,Sm3,218000,Sm3,,Sm3,12185,Sm3
33/9-L-3 H,2206,STATFJORD ØST,2008,8,30.96,d,,2086,Sm3,296000,Sm3,,Sm3,18129,Sm3
33/9-L-3 H,2206,STATFJORD ØST,2008,9,29.71,d,,4139,Sm3,588000,Sm3,,Sm3,24125,Sm3
33/9-L-3 H,2206,STATFJORD ØST,2008,10,23.44,d,,3611,Sm3,513000,Sm3,,Sm3,19157,Sm3
33/9-L-3 H,2206,STATFJORD ØST,2008,11,1.02,d,,139,Sm3,20000,Sm3,,Sm3,878,Sm3
33/9-L-3 H,2206,STATFJORD ØST,2008,12,0,d,,0,Sm3,0,Sm3,,Sm3,0,Sm3
33/9-L-3 H,2206,STATFJORD ØST,2009,1,0,d,,0,Sm3,0,Sm3,,Sm3,0,Sm3
33/9-L-3 H,2206,STATFJORD ØST,2009,2,0,d,,0,Sm3,0,Sm3,,Sm3,0,Sm3
33/9-L-3 H,2206,STATFJORD ØST,2009,3,0,d,,0,Sm3,0,Sm3,,Sm3,0,Sm3
33/9-L-3 H,2206,STATFJORD ØST,2009,4,0,d,,0,Sm3,0,Sm3,,Sm3,0,Sm3
33/9-L-3 H,2206,STATFJORD ØST,2009,5,0,d,,0,Sm3,0,Sm3,,Sm3,0,Sm3
33/9-L-3 H,2206,STATFJORD ØST,2009,6,0,d,,0,Sm3,0,Sm3,,Sm3,0,Sm3
33/9-L-3 H,2206,STATFJORD ØST,2009,7,0,d,,0,Sm3,0,Sm3,,Sm3,0,Sm3
33/9-L-3 H,2206,STATFJORD ØST,2009,8,0,d,,0,Sm3,0,Sm3,,Sm3,0,Sm3
33/9-L-3 H,2206,STATFJORD ØST,2009,9,0,d,,0,Sm3,0,Sm3,,Sm3,0,Sm3
33/9-L-3 H,2206,STATFJORD ØST,2009,10,0,d,,0,Sm3,0,Sm3,,Sm3,0,Sm3
33/9-L-3 H,2206,STATFJORD ØST,2009,11,0,d,,0,Sm3,0,Sm3,,Sm3,0,Sm3
33/9-L-3 H,2206,STATFJORD ØST,2009,12,0,d,,0,Sm3,0,Sm3,,Sm3,0,Sm3
33/9-L-3 H,2206,STATFJORD ØST,2010,1,0,d,,0,Sm3,0,Sm3,,Sm3,0,Sm3
33/9-L-3 H,2206,STATFJORD ØST,2010,2,0,d,,0,Sm3,0,Sm3,,Sm3,0,Sm3
33/9-L-3 H,2206,STATFJORD ØST,2010,3,18.96,d,,20843,Sm3,2960000,Sm3,,Sm3,572,Sm3
33/9-L-3 H,2206,STATFJORD ØST,2010,4,22.1,d,,20755,Sm3,2947000,Sm3,,Sm3,15751,Sm3
33/9-L-3 H,2206,STATFJORD ØST,2010,5,0,d,,0,Sm3,0,Sm3,,Sm3,0,Sm3
33/9-L-3 H,2206,STATFJORD ØST,2010,6,0,d,,0,Sm3,0,Sm3,,Sm3,0,Sm3
33/9-L-3 H,2206,STATFJORD ØST,2010,7,.21,d,,174,Sm3,25000,Sm3,,Sm3,3588,Sm3
33/9-L-3 H,2206,STATFJORD ØST,2010,8,16.96,d,,14,Sm3,2000,Sm3,,Sm3,15397,Sm3
33/9-L-3 H,2206,STATFJORD ØST,2010,9,21.92,d,,1069,Sm3,152000,Sm3,,Sm3,28326,Sm3
33/9-L-3 H,2206,STATFJORD ØST,2010,10,30.65,d,,103,Sm3,15000,Sm3,,Sm3,28006,Sm3
33/9-L-3 H,2206,STATFJORD ØST,2010,11,17.94,d,,184,Sm3,26000,Sm3,,Sm3,12403,Sm3
33/9-L-3 H,2206,STATFJORD ØST,2010,12,0,d,,0,Sm3,0,Sm3,,Sm3,0,Sm3
33/9-L-3 H,2206,STATFJORD ØST,2011,1,0,d,,0,Sm3,0,Sm3,,Sm3,0,Sm3
33/9-L-3 H,2206,STATFJORD ØST,2011,2,0,d,,0,Sm3,0,Sm3,,Sm3,0,Sm3
33/9-L-3 H,2206,STATFJORD ØST,2011,3,0,d,,0,Sm3,0,Sm3,,Sm3,0,Sm3
33/9-L-3 H,2206,STATFJORD ØST,2011,4,0,d,,0,Sm3,0,Sm3,,Sm3,0,Sm3
33/9-L-3 H,2206,STATFJORD ØST,2011,5,.19,d,,2,Sm3,0,Sm3,,Sm3,86,Sm3
33/9-L-3 H,2206,STATFJORD ØST,2011,6,0,d,,0,Sm3,0,Sm3,,Sm3,0,Sm3
33/9-L-3 H,2206,STATFJORD ØST,2011,7,0,d,,0,Sm3,0,Sm3,,Sm3,0,Sm3
33/9-L-3 H,2206,STATFJORD ØST,2011,8,0,d,,0,Sm3,0,Sm3,,Sm3,0,Sm3
33/9-L-3 H,2206,STATFJORD ØST,2011,9,0,d,,0,Sm3,0,Sm3,,Sm3,0,Sm3
33/9-L-3 H,2206,STATFJORD ØST,2011,10,0,d,,0,Sm3,0,Sm3,,Sm3,0,Sm3
33/9-L-3 H,2206,STATFJORD ØST,2011,11,0,d,,0,Sm3,0,Sm3,,Sm3,0,Sm3
33/9-L-3 H,2206,STATFJORD ØST,2011,12,0,d,,0,Sm3,0,Sm3,,Sm3,0,Sm3
33/9-L-3 H,2206,STATFJORD ØST,2012,1,.88,d,,57,Sm3,8000,Sm3,,Sm3,782,Sm3
33/9-L-3 H,2206,STATFJORD ØST,2012,2,28.94,d,,36,Sm3,5000,Sm3,,Sm3,33431,Sm3
33/9-L-3 H,2206,STATFJORD ØST,2012,3,27.85,d,,29,Sm3,4000,Sm3,,Sm3,26077,Sm3
33/9-L-3 H,2206,STATFJORD ØST,2012,4,30,d,,33,Sm3,5000,Sm3,,Sm3,24424,Sm3
33/9-L-3 H,2206,STATFJORD ØST,2012,5,23.29,d,,30,Sm3,4000,Sm3,,Sm3,29321,Sm3
33/9-L-3 H,2206,STATFJORD ØST,2012,6,0,d,,0,Sm3,0,Sm3,,Sm3,0,Sm3
33/9-L-3 H,2206,STATFJORD ØST,2012,7,0,d,,0,Sm3,0,Sm3,,Sm3,0,Sm3
33/9-L-3 H,2206,STATFJORD ØST,2012,8,2.02,d,,92,Sm3,13000,Sm3,,Sm3,2168,Sm3
33/9-L-3 H,2206,STATFJORD ØST,2012,9,0,d,,0,Sm3,0,Sm3,,Sm3,0,Sm3
33/9-L-3 H,2206,STATFJORD ØST,2012,10,0,d,,0,Sm3,0,Sm3,,Sm3,0,Sm3
33/9-L-3 H,2206,STATFJORD ØST,2012,11,0,d,,0,Sm3,0,Sm3,,Sm3,0,Sm3
33/9-L-3 H,2206,STATFJORD ØST,2012,12,.02,d,,0,Sm3,0,Sm3,,Sm3,0,Sm3
33/9-L-3 H,2206,STATFJORD ØST,2013,1,0,d,,0,Sm3,0,Sm3,,Sm3,0,Sm3
33/9-L-3 H,2206,STATFJORD ØST,2013,2,0,d,,0,Sm3,0,Sm3,,Sm3,0,Sm3
33/9-L-3 H,2206,STATFJORD ØST,2013,3,0,d,,0,Sm3,0,Sm3,,Sm3,0,Sm3
33/9-L-3 H,2206,STATFJORD ØST,2013,4,0,d,,0,Sm3,0,Sm3,,Sm3,0,Sm3
33/9-L-3 H,2206,STATFJORD ØST,2013,5,0,d,,0,Sm3,0,Sm3,,Sm3,0,Sm3
33/9-L-3 H,2206,STATFJORD ØST,2013,6,0,d,,0,Sm3,0,Sm3,,Sm3,0,Sm3
33/9-L-3 H,2206,STATFJORD ØST,2013,7,0,d,,0,Sm3,0,Sm3,,Sm3,0,Sm3
33/9-L-3 H,2206,STATFJORD ØST,2013,8,0,d,,0,Sm3,0,Sm3,,Sm3,0,Sm3
33/9-L-3 H,2206,STATFJORD ØST,2013,9,0,d,,0,Sm3,0,Sm3,,Sm3,0,Sm3
33/9-L-3 H,2206,STATFJORD ØST,2013,10,0,d,,0,Sm3,0,Sm3,,Sm3,0,Sm3
33/9-L-3 H,2206,STATFJORD ØST,2013,11,0,d,,0,Sm3,0,Sm3,,Sm3,0,Sm3
33/9-L-3 H,2206,STATFJORD ØST,2013,12,0,d,,0,Sm3,0,Sm3,,Sm3,0,Sm3
33/9-L-3 H,2206,STATFJORD ØST,2014,1,0,d,,0,Sm3,0,Sm3,,Sm3,0,Sm3
33/9-L-3 H,2206,STATFJORD ØST,2014,2,.02,d,,0,Sm3,0,Sm3,,Sm3,0,Sm3
33/9-L-3 H,2206,STATFJORD ØST,2014,3,0,d,,0,Sm3,0,Sm3,,Sm3,0,Sm3
33/9-L-3 H,2206,STATFJORD ØST,2014,4,0,d,,0,Sm3,0,Sm3,,Sm3,0,Sm3
33/9-L-3 H,2206,STATFJORD ØST,2014,5,0,d,,0,Sm3,0,Sm3,,Sm3,0,Sm3
33/9-L-3 H,2206,STATFJORD ØST,2014,6,0,d,,0,Sm3,0,Sm3,,Sm3,0,Sm3
33/9-L-3 H,2206,STATFJORD ØST,2014,7,0,d,,0,Sm3,0,Sm3,,Sm3,0,Sm3
33/9-L-3 H,2206,STATFJORD ØST,2014,8,,d,,0,Sm3,0,Sm3,,Sm3,22,Sm3
33/9-L-3 H,2206,STATFJORD ØST,2014,9,.02,d,producing,0,Sm3,0,Sm3,,Sm3,22,Sm3
33/9-L-3 H,2206,STATFJORD ØST,2014,10,,d,,0,Sm3,0,Sm3,,Sm3,0,Sm3
33/9-L-3 H,2206,STATFJORD ØST,2014,11,,d,,0,Sm3,0,Sm3,,Sm3,0,Sm3
33/9-L-3 H,2206,STATFJORD ØST,2014,12,,d,,0,Sm3,0,Sm3,,Sm3,0,Sm3
33/9-L-3 H,2206,STATFJORD ØST,2015,1,,d,,0,Sm3,0,Sm3,,Sm3,0,Sm3
33/9-L-3 H,2206,STATFJORD ØST,2015,2,,d,,0,Sm3,0,Sm3,,Sm3,0,Sm3
33/9-L-3 H,2206,STATFJORD ØST,2015,3,,d,,0,Sm3,0,Sm3,,Sm3,0,Sm3
33/9-L-3 H,2206,STATFJORD ØST,2015,4,,d,,0,Sm3,0,Sm3,,Sm3,0,Sm3
33/9-L-3 H,2206,STATFJORD ØST,2015,5,,d,,0,Sm3,0,Sm3,,Sm3,0,Sm3
33/9-L-3 H,2206,STATFJORD ØST,2015,6,,d,,0,Sm3,0,Sm3,,Sm3,0,Sm3
33/9-L-3 H,2206,STATFJORD ØST,2015,7,,d,,0,Sm3,0,Sm3,,Sm3,0,Sm3
33/9-L-3 H,2206,STATFJORD ØST,2015,8,,d,,0,Sm3,0,Sm3,,Sm3,0,Sm3
33/9-L-3 H,2206,STATFJORD ØST,2015,9,,d,,0,Sm3,0,Sm3,,Sm3,0,Sm3
33/9-L-3 H,2206,STATFJORD ØST,2015,10,,d,,0,Sm3,0,Sm3,,Sm3,0,Sm3
33/9-L-3 H,2206,STATFJORD ØST,2015,11,,d,,0,Sm3,0,Sm3,,Sm3,0,Sm3
33/9-L-3 H,2206,STATFJORD ØST,2015,12,,d,,0,Sm3,0,Sm3,,Sm3,0,Sm3
33/9-L-3 H,2206,STATFJORD ØST,2016,1,0,d,closed,0,Sm3,0,Sm3,,Sm3,0,Sm3
33/9-L-3 H,2206,STATFJORD ØST,2016,2,0,d,closed,0,Sm3,0,Sm3,,Sm3,0,Sm3
33/9-L-3 H,2206,STATFJORD ØST,2016,3,0,d,closed,0,Sm3,0,Sm3,,Sm3,0,Sm3
33/9-L-3 H,2206,STATFJORD ØST,2016,4,0,d,closed,0,Sm3,0,Sm3,,Sm3,0,Sm3
33/9-L-3 H,2206,STATFJORD ØST,2016,5,0,d,closed,0,Sm3,0,Sm3,,Sm3,0,Sm3
33/9-L-3 H,2206,STATFJORD ØST,2016,6,0,d,closed,0,Sm3,0,Sm3,,Sm3,0,Sm3
33/9-L-3 H,2206,STATFJORD ØST,2016,7,0,d,closed,0,Sm3,0,Sm3,,Sm3,0,Sm3
33/9-L-3 H,2206,STATFJORD ØST,2016,8,0,d,closed,0,Sm3,0,Sm3,,Sm3,0,Sm3
33/9-L-3 H,2206,STATFJORD ØST,2016,9,0,d,closed,0,Sm3,0,Sm3,,Sm3,0,Sm3
33/9-L-3 H,2206,STATFJORD ØST,2016,10,0,d,closed,0,Sm3,0,Sm3,,Sm3,0,Sm3
33/9-L-3 H,2206,STATFJORD ØST,2016,11,0,d,closed,0,Sm3,0,Sm3,,Sm3,0,Sm3
33/9-L-3 H,2206,STATFJORD ØST,2016,12,0,d,closed,0,Sm3,0,Sm3,,Sm3,0,Sm3
33/9-L-3 H,2206,STATFJORD ØST,2017,1,0,d,closed,0,Sm3,0,Sm3,,Sm3,0,Sm3
33/9-L-3 H,2206,STATFJORD ØST,2017,2,0,d,closed,0,Sm3,0,Sm3,,Sm3,0,Sm3
33/9-L-3 H,2206,STATFJORD ØST,2017,3,0,d,closed,0,Sm3,0,Sm3,,Sm3,0,Sm3
33/9-L-3 H,2206,STATFJORD ØST,2017,4,0,d,closed,0,Sm3,0,Sm3,,Sm3,0,Sm3
33/9-L-3 H,2206,STATFJORD ØST,2017,5,0,d,closed,0,Sm3,0,Sm3,,Sm3,0,Sm3
33/9-L-3 H,2206,STATFJORD ØST,2017,6,0,d,closed,0,Sm3,0,Sm3,,Sm3,0,Sm3
33/9-L-3 H,2206,STATFJORD ØST,2017,7,0,d,closed,0,Sm3,0,Sm3,,Sm3,0,Sm3
33/9-L-3 H,2206,STATFJORD ØST,2017,8,0,d,closed,0,Sm3,0,Sm3,,Sm3,0,Sm3
33/9-L-3 H,2206,STATFJORD ØST,2017,9,0,d,closed,0,Sm3,0,Sm3,,Sm3,0,Sm3
33/9-L-3 H,2206,STATFJORD ØST,2017,10,0,d,closed,0,Sm3,0,Sm3,,Sm3,0,Sm3
33/9-L-3 H,2206,STATFJORD ØST,2017,11,0,d,closed,0,Sm3,0,Sm3,,Sm3,0,Sm3
33/9-L-3 H,2206,STATFJORD ØST,2017,12,0,d,closed,0,Sm3,0,Sm3,,Sm3,0,Sm3
33/9-L-3 H,2206,STATFJORD ØST,2018,1,1,d,producing,0,Sm3,0,Sm3,,Sm3,0,Sm3
33/9-L-3 H,2206,STATFJORD ØST,2018,2,0,d,closed,0,Sm3,0,Sm3,,Sm3,0,Sm3
33/9-L-3 H,2206,STATFJORD ØST,2018,3,0,d,closed,0,Sm3,0,Sm3,,Sm3,0,Sm3
33/9-L-3 H,2206,STATFJORD ØST,2018,4,0,d,closed,0,Sm3,0,Sm3,,Sm3,0,Sm3
33/9-L-3 H,2206,STATFJORD ØST,2018,5,0,d,closed,0,Sm3,0,Sm3,,Sm3,0,Sm3
33/9-L-3 H,2206,STATFJORD ØST,2018,6,0,d,closed,0,Sm3,0,Sm3,,Sm3,0,Sm3
33/9-L-3 H,2206,STATFJORD ØST,2018,7,0,d,closed,0,Sm3,0,Sm3,,Sm3,0,Sm3
33/9-L-3 H,2206,STATFJORD ØST,2018,8,0,d,closed,0,Sm3,0,Sm3,,Sm3,0,Sm3
33/9-L-3 H,2206,STATFJORD ØST,2018,9,0,d,closed,0,Sm3,0,Sm3,,Sm3,0,Sm3
33/9-L-3 H,2206,STATFJORD ØST,2018,10,0,d,closed,0,Sm3,0,Sm3,,Sm3,0,Sm3
33/9-L-3 H,2206,STATFJORD ØST,2018,11,0,d,closed,0,Sm3,0,Sm3,,Sm3,0,Sm3
33/9-L-3 H,2206,STATFJORD ØST,2018,12,0,d,closed,0,Sm3,0,Sm3,,Sm3,0,Sm3
33/9-L-3 H,2206,STATFJORD ØST,2019,1,0,d,closed,0,Sm3,0,Sm3,,Sm3,0,Sm3
33/9-L-3 H,2206,STATFJORD ØST,2019,2,0,d,closed,0,Sm3,0,Sm3,,Sm3,0,Sm3
33/9-L-3 H,2206,STATFJORD ØST,2019,3,0,d,closed,0,Sm3,0,Sm3,,Sm3,0,Sm3
33/9-L-3 H,2206,STATFJORD ØST,2019,4,0,d,closed,0,Sm3,0,Sm3,,Sm3,0,Sm3
33/9-L-3 H,2206,STATFJORD ØST,2019,5,0,d,closed,0,Sm3,0,Sm3,,Sm3,0,Sm3
33/9-L-3 H,2206,STATFJORD ØST,2019,6,0,d,closed,0,Sm3,0,Sm3,,Sm3,0,Sm3
33/9-L-3 H,2206,STATFJORD ØST,2019,7,0,d,closed,0,Sm3,0,Sm3,,Sm3,0,Sm3
33/9-L-3 H,2206,STATFJORD ØST,2019,8,0,d,closed,0,Sm3,0,Sm3,,Sm3,0,Sm3
33/9-L-3 H,2206,STATFJORD ØST,2019,9,0,d,closed,0,Sm3,0,Sm3,,Sm3,0,Sm3
33/9-L-3 H,2206,STATFJORD ØST,2019,10,0,d,closed,0,Sm3,0,Sm3,,Sm3,0,Sm3
33/9-L-3 H,2206,STATFJORD ØST,2019,11,0,d,closed,0,Sm3,0,Sm3,,Sm3,0,Sm3
33/9-L-4 H,2210,STATFJORD ØST,1994,10,9.83,d,producing,13367,Sm3,1958000,Sm3,,Sm3,0,Sm3
33/9-L-4 H,2210,STATFJORD ØST,1994,11,26.6,d,producing,28857,Sm3,4215000,Sm3,,Sm3,1299,Sm3
33/9-L-4 H,2210,STATFJORD ØST,1994,12,29.79,d,producing,37647,Sm3,5496000,Sm3,,Sm3,6239,Sm3
33/9-L-4 H,2210,STATFJORD ØST,1995,1,26.99,d,producing,17813,Sm3,2529000,Sm3,,Sm3,8490,Sm3
33/9-L-4 H,2210,STATFJORD ØST,1995,2,20.52,d,producing,5818,Sm3,828000,Sm3,,Sm3,7752,Sm3
33/9-L-4 H,2210,STATFJORD ØST,1995,3,26.59,d,producing,2700,Sm3,385000,Sm3,,Sm3,8119,Sm3
33/9-L-4 H,2210,STATFJORD ØST,1995,4,0,d,closed,0,Sm3,0,Sm3,,Sm3,0,Sm3
33/9-L-4 H,2210,STATFJORD ØST,1995,5,1.41,d,producing,658,Sm3,93000,Sm3,,Sm3,0,Sm3
33/9-L-4 H,2210,STATFJORD ØST,1995,6,12.93,d,producing,35226,Sm3,5023000,Sm3,,Sm3,0,Sm3
33/9-L-4 H,2210,STATFJORD ØST,1995,7,30.3,d,producing,101184,Sm3,14415000,Sm3,,Sm3,0,Sm3
33/9-L-4 H,2210,STATFJORD ØST,1995,8,27.95,d,producing,86193,Sm3,12276000,Sm3,,Sm3,0,Sm3
33/9-L-4 H,2210,STATFJORD ØST,1995,9,29.05,d,producing,79870,Sm3,11380000,Sm3,,Sm3,0,Sm3
33/9-L-4 H,2210,STATFJORD ØST,1995,10,30.07,d,producing,88482,Sm3,12618000,Sm3,,Sm3,0,Sm3
33/9-L-4 H,2210,STATFJORD ØST,1995,11,28.7,d,producing,88874,Sm3,12665000,Sm3,,Sm3,0,Sm3
33/9-L-4 H,2210,STATFJORD ØST,1995,12,30.23,d,producing,94624,Sm3,13469000,Sm3,,Sm3,0,Sm3
33/9-L-4 H,2210,STATFJORD ØST,1996,1,30.25,d,producing,95250,Sm3,13567000,Sm3,,Sm3,0,Sm3
33/9-L-4 H,2210,STATFJORD ØST,1996,2,27.46,d,producing,86055,Sm3,12232000,Sm3,,Sm3,4355,Sm3
33/9-L-4 H,2210,STATFJORD ØST,1996,3,30.35,d,producing,86655,Sm3,12327000,Sm3,,Sm3,15945,Sm3
33/9-L-4 H,2210,STATFJORD ØST,1996,4,28.74,d,producing,78763,Sm3,11210000,Sm3,,Sm3,17339,Sm3
33/9-L-4 H,2210,STATFJORD ØST,1996,5,25.05,d,producing,67116,Sm3,9562000,Sm3,,Sm3,10171,Sm3
33/9-L-4 H,2210,STATFJORD ØST,1996,6,29.77,d,producing,82738,Sm3,11787000,Sm3,,Sm3,21010,Sm3
33/9-L-4 H,2210,STATFJORD ØST,1996,7,28.3,d,producing,76783,Sm3,10936000,Sm3,,Sm3,27065,Sm3
33/9-L-4 H,2210,STATFJORD ØST,1996,8,8.51,d,producing,12097,Sm3,1743000,Sm3,,Sm3,1512,Sm3
33/9-L-4 H,2210,STATFJORD ØST,1996,9,29.91,d,producing,41520,Sm3,5900000,Sm3,,Sm3,11788,Sm3
33/9-L-4 H,2210,STATFJORD ØST,1996,10,29.43,d,producing,40489,Sm3,5754000,Sm3,,Sm3,10025,Sm3
33/9-L-4 H,2210,STATFJORD ØST,1996,11,29,d,producing,38757,Sm3,5513000,Sm3,,Sm3,9822,Sm3
33/9-L-4 H,2210,STATFJORD ØST,1996,12,30.08,d,producing,51339,Sm3,7301000,Sm3,,Sm3,13341,Sm3
33/9-L-4 H,2210,STATFJORD ØST,1997,1,29.2,d,producing,52498,Sm3,7463000,Sm3,,Sm3,14710,Sm3
33/9-L-4 H,2210,STATFJORD ØST,1997,2,28,d,producing,42325,Sm3,6010000,Sm3,,Sm3,16201,Sm3
33/9-L-4 H,2210,STATFJORD ØST,1997,3,25,d,producing,30581,Sm3,4333000,Sm3,,Sm3,11469,Sm3
33/9-L-4 H,2210,STATFJORD ØST,1997,4,30,d,producing,44291,Sm3,6289000,Sm3,,Sm3,15646,Sm3
33/9-L-4 H,2210,STATFJORD ØST,1997,5,30.44,d,producing,44711,Sm3,6330000,Sm3,,Sm3,18155,Sm3
33/9-L-4 H,2210,STATFJORD ØST,1997,6,30,d,producing,38838,Sm3,5495000,Sm3,,Sm3,16427,Sm3
33/9-L-4 H,2210,STATFJORD ØST,1997,7,29.36,d,producing,41210,Sm3,5851000,Sm3,,Sm3,14052,Sm3
33/9-L-4 H,2210,STATFJORD ØST,1997,8,30.71,d,producing,44731,Sm3,6339000,Sm3,,Sm3,18417,Sm3
33/9-L-4 H,2210,STATFJORD ØST,1997,9,28.89,d,producing,42010,Sm3,5948000,Sm3,,Sm3,22293,Sm3
33/9-L-4 H,2210,STATFJORD ØST,1997,10,30.29,d,producing,41983,Sm3,5955000,Sm3,,Sm3,22584,Sm3
33/9-L-4 H,2210,STATFJORD ØST,1997,11,29.05,d,producing,40807,Sm3,5776000,Sm3,,Sm3,23819,Sm3
33/9-L-4 H,2210,STATFJORD ØST,1997,12,29.69,d,producing,38846,Sm3,5498000,Sm3,,Sm3,22542,Sm3
33/9-L-4 H,2210,STATFJORD ØST,1998,1,30.13,d,producing,35203,Sm3,4937000,Sm3,,Sm3,23932,Sm3
33/9-L-4 H,2210,STATFJORD ØST,1998,2,27.49,d,producing,31548,Sm3,4449000,Sm3,,Sm3,22482,Sm3
33/9-L-4 H,2210,STATFJORD ØST,1998,3,30.95,d,producing,33827,Sm3,4775000,Sm3,,Sm3,24872,Sm3
33/9-L-4 H,2210,STATFJORD ØST,1998,4,30,d,producing,32534,Sm3,4591000,Sm3,,Sm3,20786,Sm3
33/9-L-4 H,2210,STATFJORD ØST,1998,5,29.71,d,producing,31116,Sm3,4413000,Sm3,,Sm3,18452,Sm3
33/9-L-4 H,2210,STATFJORD ØST,1998,6,30,d,producing,28669,Sm3,4073000,Sm3,,Sm3,23986,Sm3
33/9-L-4 H,2210,STATFJORD ØST,1998,7,29.68,d,producing,25366,Sm3,3581000,Sm3,,Sm3,22017,Sm3
33/9-L-4 H,2210,STATFJORD ØST,1998,8,4.49,d,producing,3231,Sm3,456000,Sm3,,Sm3,2702,Sm3
33/9-L-4 H,2210,STATFJORD ØST,1998,9,28.55,d,producing,19306,Sm3,2720000,Sm3,,Sm3,18296,Sm3
33/9-L-4 H,2210,STATFJORD ØST,1998,10,28.23,d,producing,21053,Sm3,2974000,Sm3,,Sm3,20247,Sm3
33/9-L-4 H,2210,STATFJORD ØST,1998,11,29.32,d,producing,18511,Sm3,2621000,Sm3,,Sm3,17353,Sm3
33/9-L-4 H,2210,STATFJORD ØST,1998,12,30.62,d,producing,29076,Sm3,4110000,Sm3,,Sm3,18123,Sm3
33/9-L-4 H,2210,STATFJORD ØST,1999,1,31,d,producing,27565,Sm3,3914000,Sm3,,Sm3,20076,Sm3
33/9-L-4 H,2210,STATFJORD ØST,1999,2,27.29,d,producing,22166,Sm3,3147000,Sm3,,Sm3,12483,Sm3
33/9-L-4 H,2210,STATFJORD ØST,1999,3,29.77,d,producing,20673,Sm3,2935000,Sm3,,Sm3,9249,Sm3
33/9-L-4 H,2210,STATFJORD ØST,1999,4,27.77,d,producing,18486,Sm3,2625000,Sm3,,Sm3,8921,Sm3
33/9-L-4 H,2210,STATFJORD ØST,1999,5,21.82,d,producing,15330,Sm3,2176000,Sm3,,Sm3,9171,Sm3
33/9-L-4 H,2210,STATFJORD ØST,1999,6,23.66,d,producing,16771,Sm3,2381000,Sm3,,Sm3,10761,Sm3
33/9-L-4 H,2210,STATFJORD ØST,1999,7,28.84,d,producing,19130,Sm3,2716000,Sm3,,Sm3,11205,Sm3
33/9-L-4 H,2210,STATFJORD ØST,1999,8,28.85,d,producing,13152,Sm3,1867000,Sm3,,Sm3,9041,Sm3
33/9-L-4 H,2210,STATFJORD ØST,1999,9,30,d,closed,0,Sm3,0,Sm3,,Sm3,0,Sm3
33/9-L-4 H,2210,STATFJORD ØST,1999,10,10.02,d,closed,0,Sm3,0,Sm3,,Sm3,0,Sm3
33/9-L-4 H,2210,STATFJORD ØST,1999,11,6.27,d,closed,0,Sm3,0,Sm3,,Sm3,0,Sm3
33/9-L-4 H,2210,STATFJORD ØST,1999,12,25.38,d,producing,24728,Sm3,3501000,Sm3,,Sm3,9526,Sm3
33/9-L-4 H,2210,STATFJORD ØST,2002,1,25.06,d,,7391,Sm3,1047000,Sm3,,Sm3,14025,Sm3
33/9-L-4 H,2210,STATFJORD ØST,2002,2,27.69,d,,7894,Sm3,1118000,Sm3,,Sm3,15329,Sm3
33/9-L-4 H,2210,STATFJORD ØST,2002,3,30.88,d,,9271,Sm3,1313000,Sm3,,Sm3,18784,Sm3
33/9-L-4 H,2210,STATFJORD ØST,2002,4,29.15,d,,8671,Sm3,1228000,Sm3,,Sm3,17696,Sm3
33/9-L-4 H,2210,STATFJORD ØST,2002,5,29.69,d,,8085,Sm3,1145000,Sm3,,Sm3,17464,Sm3
33/9-L-4 H,2210,STATFJORD ØST,2002,6,29.4,d,,7218,Sm3,1022000,Sm3,,Sm3,17224,Sm3
33/9-L-4 H,2210,STATFJORD ØST,2002,7,21.27,d,,5245,Sm3,743000,Sm3,,Sm3,12949,Sm3
33/9-L-4 H,2210,STATFJORD ØST,2002,8,8.29,d,,630,Sm3,89000,Sm3,,Sm3,1452,Sm3
33/9-L-4 H,2210,STATFJORD ØST,2002,9,28.38,d,,10832,Sm3,1534000,Sm3,,Sm3,21637,Sm3
33/9-L-4 H,2210,STATFJORD ØST,2002,10,31,d,,9218,Sm3,1305000,Sm3,,Sm3,24296,Sm3
33/9-L-4 H,2210,STATFJORD ØST,2002,11,28.42,d,,5371,Sm3,761000,Sm3,,Sm3,19964,Sm3
33/9-L-4 H,2210,STATFJORD ØST,2002,12,30.1,d,,5566,Sm3,788000,Sm3,,Sm3,21298,Sm3
33/9-L-4 H,2210,STATFJORD ØST,2003,1,31,d,,4347,Sm3,616000,Sm3,,Sm3,14479,Sm3
33/9-L-4 H,2210,STATFJORD ØST,2003,2,27.17,d,,3828,Sm3,542000,Sm3,,Sm3,12905,Sm3
33/9-L-4 H,2210,STATFJORD ØST,2003,3,30.96,d,,5044,Sm3,714000,Sm3,,Sm3,17837,Sm3
33/9-L-4 H,2210,STATFJORD ØST,2003,4,29.02,d,,6226,Sm3,882000,Sm3,,Sm3,22427,Sm3
33/9-L-4 H,2210,STATFJORD ØST,2003,5,29.52,d,,6193,Sm3,877000,Sm3,,Sm3,23538,Sm3
33/9-L-4 H,2210,STATFJORD ØST,2003,6,29.69,d,,7303,Sm3,1034000,Sm3,,Sm3,32614,Sm3
33/9-L-4 H,2210,STATFJORD ØST,2003,7,29.98,d,,7589,Sm3,1075000,Sm3,,Sm3,39643,Sm3
33/9-L-4 H,2210,STATFJORD ØST,2003,8,30.38,d,,7356,Sm3,1042000,Sm3,,Sm3,37589,Sm3
33/9-L-4 H,2210,STATFJORD ØST,2003,9,29.08,d,,7812,Sm3,1106000,Sm3,,Sm3,43476,Sm3
33/9-L-4 H,2210,STATFJORD ØST,2003,10,31,d,,8158,Sm3,1155000,Sm3,,Sm3,47278,Sm3
33/9-L-4 H,2210,STATFJORD ØST,2003,11,29.15,d,,7293,Sm3,1033000,Sm3,,Sm3,41019,Sm3
33/9-L-4 H,2210,STATFJORD ØST,2003,12,28.69,d,,6919,Sm3,980000,Sm3,,Sm3,37013,Sm3
33/9-L-4 H,2210,STATFJORD ØST,2004,1,31,d,,7912,Sm3,1120000,Sm3,,Sm3,42644,Sm3
33/9-L-4 H,2210,STATFJORD ØST,2004,2,28.08,d,,6459,Sm3,915000,Sm3,,Sm3,44929,Sm3
33/9-L-4 H,2210,STATFJORD ØST,2004,3,27.6,d,,6435,Sm3,911000,Sm3,,Sm3,45670,Sm3
33/9-L-4 H,2210,STATFJORD ØST,2004,4,15.71,d,,3581,Sm3,507000,Sm3,,Sm3,24857,Sm3
33/9-L-4 H,2210,STATFJORD ØST,2004,5,22.75,d,,3409,Sm3,483000,Sm3,,Sm3,17010,Sm3
33/9-L-4 H,2210,STATFJORD ØST,2004,6,27.96,d,,3006,Sm3,426000,Sm3,,Sm3,19376,Sm3
33/9-L-4 H,2210,STATFJORD ØST,2004,7,31,d,,4554,Sm3,645000,Sm3,,Sm3,29635,Sm3
33/9-L-4 H,2210,STATFJORD ØST,2004,8,29.63,d,,3746,Sm3,530000,Sm3,,Sm3,24020,Sm3
33/9-L-4 H,2210,STATFJORD ØST,2004,9,30,d,,3702,Sm3,524000,Sm3,,Sm3,24775,Sm3
33/9-L-4 H,2210,STATFJORD ØST,2004,10,30.65,d,,4759,Sm3,674000,Sm3,,Sm3,29401,Sm3
33/9-L-4 H,2210,STATFJORD ØST,2004,11,30,d,,5344,Sm3,759000,Sm3,,Sm3,33525,Sm3
33/9-L-4 H,2210,STATFJORD ØST,2004,12,30.15,d,,4510,Sm3,640000,Sm3,,Sm3,29019,Sm3
33/9-L-4 H,2210,STATFJORD ØST,2005,1,30,d,,4384,Sm3,623000,Sm3,,Sm3,29263,Sm3
33/9-L-4 H,2210,STATFJORD ØST,2005,2,22.29,d,,4320,Sm3,613000,Sm3,,Sm3,28775,Sm3
33/9-L-4 H,2210,STATFJORD ØST,2005,3,30.31,d,,5978,Sm3,849000,Sm3,,Sm3,41681,Sm3
33/9-L-4 H,2210,STATFJORD ØST,2005,4,28.63,d,,6174,Sm3,877000,Sm3,,Sm3,40127,Sm3
33/9-L-4 H,2210,STATFJORD ØST,2005,5,29.63,d,,6612,Sm3,939000,Sm3,,Sm3,44710,Sm3
33/9-L-4 H,2210,STATFJORD ØST,2005,6,30,d,,4294,Sm3,610000,Sm3,,Sm3,39041,Sm3
33/9-L-4 H,2210,STATFJORD ØST,2005,7,30.6,d,,4868,Sm3,691000,Sm3,,Sm3,38448,Sm3
33/9-L-4 H,2210,STATFJORD ØST,2005,8,29.48,d,,4756,Sm3,675000,Sm3,,Sm3,45821,Sm3
33/9-L-4 H,2210,STATFJORD ØST,2005,9,30,d,,4723,Sm3,671000,Sm3,,Sm3,49955,Sm3
33/9-L-4 H,2210,STATFJORD ØST,2005,10,29.73,d,,4816,Sm3,684000,Sm3,,Sm3,42958,Sm3
33/9-L-4 H,2210,STATFJORD ØST,2005,11,29.85,d,,4838,Sm3,687000,Sm3,,Sm3,45228,Sm3
33/9-L-4 H,2210,STATFJORD ØST,2005,12,30.06,d,,5539,Sm3,787000,Sm3,,Sm3,50413,Sm3
33/9-L-4 H,2210,STATFJORD ØST,2006,1,29.44,d,,5552,Sm3,788000,Sm3,,Sm3,49274,Sm3
33/9-L-4 H,2210,STATFJORD ØST,2006,2,21.9,d,,2680,Sm3,381000,Sm3,,Sm3,36549,Sm3
33/9-L-4 H,2210,STATFJORD ØST,2006,3,26.27,d,,2515,Sm3,357000,Sm3,,Sm3,27330,Sm3
33/9-L-4 H,2210,STATFJORD ØST,2006,4,29.88,d,,2239,Sm3,318000,Sm3,,Sm3,23484,Sm3
33/9-L-4 H,2210,STATFJORD ØST,2006,5,21.65,d,,1443,Sm3,205000,Sm3,,Sm3,18383,Sm3
33/9-L-4 H,2210,STATFJORD ØST,2006,6,.06,d,,0,Sm3,0,Sm3,,Sm3,0,Sm3
33/9-L-4 H,2210,STATFJORD ØST,2006,7,1,d,,376,Sm3,53000,Sm3,,Sm3,643,Sm3
33/9-L-4 H,2210,STATFJORD ØST,2006,8,.02,d,,1,Sm3,0,Sm3,,Sm3,13,Sm3
33/9-L-4 H,2210,STATFJORD ØST,2006,9,30,d,,2818,Sm3,400000,Sm3,,Sm3,26702,Sm3
33/9-L-4 H,2210,STATFJORD ØST,2006,10,16.27,d,,1404,Sm3,199000,Sm3,,Sm3,13092,Sm3
33/9-L-4 H,2210,STATFJORD ØST,2006,11,29.5,d,,7528,Sm3,1069000,Sm3,,Sm3,51192,Sm3
33/9-L-4 H,2210,STATFJORD ØST,2006,12,30.1,d,,7312,Sm3,1038000,Sm3,,Sm3,54222,Sm3
33/9-L-4 H,2210,STATFJORD ØST,2007,1,29.02,d,,6224,Sm3,884000,Sm3,,Sm3,51246,Sm3
33/9-L-4 H,2210,STATFJORD ØST,2007,2,26.6,d,,4891,Sm3,695000,Sm3,,Sm3,48540,Sm3
33/9-L-4 H,2210,STATFJORD ØST,2007,3,28.87,d,,4309,Sm3,612000,Sm3,,Sm3,51374,Sm3
33/9-L-4 H,2210,STATFJORD ØST,2007,4,29.63,d,,4262,Sm3,605000,Sm3,,Sm3,51497,Sm3
33/9-L-4 H,2210,STATFJORD ØST,2007,5,31,d,,1522,Sm3,216000,Sm3,,Sm3,24356,Sm3
33/9-L-4 H,2210,STATFJORD ØST,2007,6,25.33,d,,1350,Sm3,192000,Sm3,,Sm3,18737,Sm3
33/9-L-4 H,2210,STATFJORD ØST,2007,7,30.31,d,,1592,Sm3,226000,Sm3,,Sm3,23366,Sm3
33/9-L-4 H,2210,STATFJORD ØST,2007,8,30.85,d,,1555,Sm3,221000,Sm3,,Sm3,23669,Sm3
33/9-L-4 H,2210,STATFJORD ØST,2007,9,28.4,d,,3341,Sm3,474000,Sm3,,Sm3,28026,Sm3
33/9-L-4 H,2210,STATFJORD ØST,2007,10,30.27,d,,3304,Sm3,469000,Sm3,,Sm3,29983,Sm3
33/9-L-4 H,2210,STATFJORD ØST,2007,11,30,d,,3007,Sm3,427000,Sm3,,Sm3,29832,Sm3
33/9-L-4 H,2210,STATFJORD ØST,2007,12,30.46,d,,3593,Sm3,510000,Sm3,,Sm3,44655,Sm3
33/9-L-4 H,2210,STATFJORD ØST,2008,1,29.54,d,,3376,Sm3,479000,Sm3,,Sm3,46329,Sm3
33/9-L-4 H,2210,STATFJORD ØST,2008,2,25.1,d,,3479,Sm3,494000,Sm3,,Sm3,51864,Sm3
33/9-L-4 H,2210,STATFJORD ØST,2008,3,29.83,d,,4299,Sm3,610000,Sm3,,Sm3,74184,Sm3
33/9-L-4 H,2210,STATFJORD ØST,2008,4,5.4,d,,1311,Sm3,186000,Sm3,,Sm3,10268,Sm3
33/9-L-4 H,2210,STATFJORD ØST,2008,5,29.08,d,,5158,Sm3,732000,Sm3,,Sm3,33865,Sm3
33/9-L-4 H,2210,STATFJORD ØST,2008,6,18.77,d,,1605,Sm3,228000,Sm3,,Sm3,22352,Sm3
33/9-L-4 H,2210,STATFJORD ØST,2008,7,19.38,d,,1949,Sm3,277000,Sm3,,Sm3,26549,Sm3
33/9-L-4 H,2210,STATFJORD ØST,2008,8,30.5,d,,2555,Sm3,363000,Sm3,,Sm3,38113,Sm3
33/9-L-4 H,2210,STATFJORD ØST,2008,9,21.5,d,,3213,Sm3,456000,Sm3,,Sm3,31007,Sm3
33/9-L-4 H,2210,STATFJORD ØST,2008,10,29.81,d,,4888,Sm3,694000,Sm3,,Sm3,42604,Sm3
33/9-L-4 H,2210,STATFJORD ØST,2008,11,29.65,d,,4460,Sm3,633000,Sm3,,Sm3,44609,Sm3
33/9-L-4 H,2210,STATFJORD ØST,2008,12,30.35,d,,1434,Sm3,204000,Sm3,,Sm3,21575,Sm3
33/9-L-4 H,2210,STATFJORD ØST,2009,1,30.21,d,,3353,Sm3,476000,Sm3,,Sm3,17828,Sm3
33/9-L-4 H,2210,STATFJORD ØST,2009,2,28,d,,3165,Sm3,449000,Sm3,,Sm3,17731,Sm3
33/9-L-4 H,2210,STATFJORD ØST,2009,3,30.1,d,,3360,Sm3,477000,Sm3,,Sm3,21276,Sm3
33/9-L-4 H,2210,STATFJORD ØST,2009,4,9.19,d,,1020,Sm3,145000,Sm3,,Sm3,6526,Sm3
33/9-L-4 H,2210,STATFJORD ØST,2009,5,0,d,,0,Sm3,0,Sm3,,Sm3,0,Sm3
33/9-L-4 H,2210,STATFJORD ØST,2009,6,0,d,,0,Sm3,0,Sm3,,Sm3,0,Sm3
33/9-L-4 H,2210,STATFJORD ØST,2009,7,0,d,,0,Sm3,0,Sm3,,Sm3,0,Sm3
33/9-L-4 H,2210,STATFJORD ØST,2009,8,0,d,,0,Sm3,0,Sm3,,Sm3,0,Sm3
33/9-L-4 H,2210,STATFJORD ØST,2009,9,0,d,,0,Sm3,0,Sm3,,Sm3,0,Sm3
33/9-L-4 H,2210,STATFJORD ØST,2009,10,0,d,,0,Sm3,0,Sm3,,Sm3,0,Sm3
33/9-L-4 H,2210,STATFJORD ØST,2009,11,0,d,,0,Sm3,0,Sm3,,Sm3,0,Sm3
33/9-L-4 H,2210,STATFJORD ØST,2009,12,0,d,,0,Sm3,0,Sm3,,Sm3,0,Sm3
33/9-L-4 H,2210,STATFJORD ØST,2010,1,0,d,,0,Sm3,0,Sm3,,Sm3,0,Sm3
33/9-L-4 H,2210,STATFJORD ØST,2010,2,0,d,,0,Sm3,0,Sm3,,Sm3,0,Sm3
33/9-L-4 H,2210,STATFJORD ØST,2010,3,0,d,,0,Sm3,0,Sm3,,Sm3,0,Sm3
33/9-L-4 H,2210,STATFJORD ØST,2010,4,0,d,,0,Sm3,0,Sm3,,Sm3,0,Sm3
33/9-L-4 H,2210,STATFJORD ØST,2010,5,0,d,,0,Sm3,0,Sm3,,Sm3,0,Sm3
33/9-L-4 H,2210,STATFJORD ØST,2010,6,0,d,,0,Sm3,0,Sm3,,Sm3,0,Sm3
33/9-L-4 H,2210,STATFJORD ØST,2010,7,0,d,,0,Sm3,0,Sm3,,Sm3,0,Sm3
33/9-L-4 H,2210,STATFJORD ØST,2010,8,0,d,,0,Sm3,0,Sm3,,Sm3,0,Sm3
33/9-L-4 H,2210,STATFJORD ØST,2010,9,0,d,,0,Sm3,0,Sm3,,Sm3,0,Sm3
33/9-L-4 H,2210,STATFJORD ØST,2010,10,0,d,,0,Sm3,0,Sm3,,Sm3,0,Sm3
33/9-L-4 H,2210,STATFJORD ØST,2010,11,0,d,,0,Sm3,0,Sm3,,Sm3,0,Sm3
33/9-L-4 H,2210,STATFJORD ØST,2010,12,0,d,,0,Sm3,0,Sm3,,Sm3,0,Sm3
33/9-L-4 H,2210,STATFJORD ØST,2011,1,0,d,,0,Sm3,0,Sm3,,Sm3,0,Sm3
33/9-L-4 H,2210,STATFJORD ØST,2011,2,0,d,,0,Sm3,0,Sm3,,Sm3,0,Sm3
33/9-L-4 H,2210,STATFJORD ØST,2011,3,0,d,,0,Sm3,0,Sm3,,Sm3,0,Sm3
33/9-L-4 H,2210,STATFJORD ØST,2011,4,0,d,,0,Sm3,0,Sm3,,Sm3,0,Sm3
33/9-L-4 H,2210,STATFJORD ØST,2011,5,0,d,,0,Sm3,0,Sm3,,Sm3,0,Sm3
33/9-L-4 H,2210,STATFJORD ØST,2011,6,0,d,,0,Sm3,0,Sm3,,Sm3,0,Sm3
33/9-L-4 H,2210,STATFJORD ØST,2011,7,0,d,,0,Sm3,0,Sm3,,Sm3,0,Sm3
33/9-L-4 H,2210,STATFJORD ØST,2011,8,0,d,,0,Sm3,0,Sm3,,Sm3,0,Sm3
33/9-L-4 H,2210,STATFJORD ØST,2011,9,0,d,,0,Sm3,0,Sm3,,Sm3,0,Sm3
33/9-L-4 H,2210,STATFJORD ØST,2011,10,0,d,,0,Sm3,0,Sm3,,Sm3,0,Sm3
33/9-L-4 H,2210,STATFJORD ØST,2011,11,0,d,,0,Sm3,0,Sm3,,Sm3,0,Sm3
33/9-M-1 H,2154,STATFJORD ØST,1994,9,7,d,producing,6419,Sm3,939000,Sm3,,Sm3,0,Sm3
33/9-M-1 H,2154,STATFJORD ØST,1994,10,25.75,d,producing,40220,Sm3,5891000,Sm3,,Sm3,0,Sm3
33/9-M-1 H,2154,STATFJORD ØST,1994,11,27.95,d,producing,67511,Sm3,9874000,Sm3,,Sm3,0,Sm3
33/9-M-1 H,2154,STATFJORD ØST,1994,12,30.31,d,producing,82628,Sm3,12063000,Sm3,,Sm3,0,Sm3
33/9-M-1 H,2154,STATFJORD ØST,1995,1,27.57,d,producing,72582,Sm3,10303000,Sm3,,Sm3,0,Sm3
33/9-M-1 H,2154,STATFJORD ØST,1995,2,25.41,d,producing,74016,Sm3,10540000,Sm3,,Sm3,0,Sm3
33/9-M-1 H,2154,STATFJORD ØST,1995,3,30.83,d,producing,92185,Sm3,13208000,Sm3,,Sm3,0,Sm3
33/9-M-1 H,2154,STATFJORD ØST,1995,4,30,d,producing,89205,Sm3,12719000,Sm3,,Sm3,0,Sm3
33/9-M-1 H,2154,STATFJORD ØST,1995,5,30.45,d,producing,95387,Sm3,13451000,Sm3,,Sm3,0,Sm3
33/9-M-1 H,2154,STATFJORD ØST,1995,6,29.93,d,producing,95064,Sm3,13556000,Sm3,,Sm3,0,Sm3
33/9-M-1 H,2154,STATFJORD ØST,1995,7,30.87,d,producing,95726,Sm3,13638000,Sm3,,Sm3,0,Sm3
33/9-M-1 H,2154,STATFJORD ØST,1995,8,30.09,d,producing,85734,Sm3,12211000,Sm3,,Sm3,0,Sm3
33/9-M-1 H,2154,STATFJORD ØST,1995,9,29.87,d,producing,76042,Sm3,10835000,Sm3,,Sm3,0,Sm3
33/9-M-1 H,2154,STATFJORD ØST,1995,10,30.97,d,producing,74490,Sm3,10624000,Sm3,,Sm3,0,Sm3
33/9-M-1 H,2154,STATFJORD ØST,1995,11,29.05,d,producing,65337,Sm3,9313000,Sm3,,Sm3,0,Sm3
33/9-M-1 H,2154,STATFJORD ØST,1995,12,30.98,d,producing,69931,Sm3,9954000,Sm3,,Sm3,0,Sm3
33/9-M-1 H,2154,STATFJORD ØST,1996,1,30.3,d,producing,54319,Sm3,7737000,Sm3,,Sm3,0,Sm3
33/9-M-1 H,2154,STATFJORD ØST,1996,2,27.36,d,producing,39673,Sm3,5635000,Sm3,,Sm3,0,Sm3
33/9-M-1 H,2154,STATFJORD ØST,1996,3,28.73,d,producing,35724,Sm3,5081000,Sm3,,Sm3,0,Sm3
33/9-M-1 H,2154,STATFJORD ØST,1996,4,28.3,d,producing,34270,Sm3,4877000,Sm3,,Sm3,0,Sm3
33/9-M-1 H,2154,STATFJORD ØST,1996,5,13.37,d,producing,12350,Sm3,1760000,Sm3,,Sm3,0,Sm3
33/9-M-1 H,2154,STATFJORD ØST,1996,6,26.62,d,producing,20325,Sm3,2895000,Sm3,,Sm3,0,Sm3
33/9-M-1 H,2154,STATFJORD ØST,1996,7,31,d,producing,25594,Sm3,3645000,Sm3,,Sm3,0,Sm3
33/9-M-1 H,2154,STATFJORD ØST,1996,8,9.84,d,producing,8676,Sm3,1231000,Sm3,,Sm3,0,Sm3
33/9-M-1 H,2154,STATFJORD ØST,1996,9,28.8,d,producing,21094,Sm3,2997000,Sm3,,Sm3,0,Sm3
33/9-M-1 H,2154,STATFJORD ØST,1996,10,29.85,d,producing,31529,Sm3,4481000,Sm3,,Sm3,0,Sm3
33/9-M-1 H,2154,STATFJORD ØST,1996,11,29.31,d,producing,37584,Sm3,5347000,Sm3,,Sm3,0,Sm3
33/9-M-1 H,2154,STATFJORD ØST,1996,12,30.74,d,producing,46490,Sm3,6611000,Sm3,,Sm3,0,Sm3
33/9-M-1 H,2154,STATFJORD ØST,1997,1,30.86,d,producing,44133,Sm3,6273000,Sm3,,Sm3,0,Sm3
33/9-M-1 H,2154,STATFJORD ØST,1997,2,25.21,d,producing,25716,Sm3,3651000,Sm3,,Sm3,0,Sm3
33/9-M-1 H,2154,STATFJORD ØST,1997,3,25.43,d,producing,21866,Sm3,3096000,Sm3,,Sm3,0,Sm3
33/9-M-1 H,2154,STATFJORD ØST,1997,4,29.03,d,producing,24070,Sm3,3417000,Sm3,,Sm3,0,Sm3
33/9-M-1 H,2154,STATFJORD ØST,1997,5,30.93,d,producing,20508,Sm3,2902000,Sm3,,Sm3,0,Sm3
33/9-M-1 H,2154,STATFJORD ØST,1997,6,30,d,producing,18200,Sm3,2575000,Sm3,,Sm3,0,Sm3
33/9-M-1 H,2154,STATFJORD ØST,1997,7,28.67,d,producing,43945,Sm3,6240000,Sm3,,Sm3,0,Sm3
33/9-M-1 H,2154,STATFJORD ØST,1997,8,30.74,d,producing,62346,Sm3,8835000,Sm3,,Sm3,0,Sm3
33/9-M-1 H,2154,STATFJORD ØST,1997,9,29.97,d,producing,62842,Sm3,8898000,Sm3,,Sm3,0,Sm3
33/9-M-1 H,2154,STATFJORD ØST,1997,10,30.54,d,producing,61659,Sm3,8746000,Sm3,,Sm3,0,Sm3
33/9-M-1 H,2154,STATFJORD ØST,1997,11,30,d,producing,50765,Sm3,7185000,Sm3,,Sm3,0,Sm3
33/9-M-1 H,2154,STATFJORD ØST,1997,12,30.78,d,producing,54004,Sm3,7644000,Sm3,,Sm3,0,Sm3
33/9-M-1 H,2154,STATFJORD ØST,1998,1,29.95,d,producing,50211,Sm3,7068000,Sm3,,Sm3,0,Sm3
33/9-M-1 H,2154,STATFJORD ØST,1998,2,27.84,d,producing,45541,Sm3,6423000,Sm3,,Sm3,0,Sm3
33/9-M-1 H,2154,STATFJORD ØST,1998,3,30.95,d,producing,49541,Sm3,6993000,Sm3,,Sm3,0,Sm3
33/9-M-1 H,2154,STATFJORD ØST,1998,4,30,d,producing,44902,Sm3,6336000,Sm3,,Sm3,0,Sm3
33/9-M-1 H,2154,STATFJORD ØST,1998,5,29.92,d,producing,44293,Sm3,6282000,Sm3,,Sm3,0,Sm3
33/9-M-1 H,2154,STATFJORD ØST,1998,6,28.65,d,producing,36297,Sm3,5157000,Sm3,,Sm3,0,Sm3
33/9-M-1 H,2154,STATFJORD ØST,1998,7,30.91,d,producing,79021,Sm3,11150000,Sm3,,Sm3,0,Sm3
33/9-M-1 H,2154,STATFJORD ØST,1998,8,6.42,d,producing,14092,Sm3,1992000,Sm3,,Sm3,0,Sm3
33/9-M-1 H,2154,STATFJORD ØST,1998,9,28.55,d,producing,64789,Sm3,8692000,Sm3,,Sm3,1826,Sm3
33/9-M-1 H,2154,STATFJORD ØST,1998,10,29,d,producing,55694,Sm3,7869000,Sm3,,Sm3,0,Sm3
33/9-M-1 H,2154,STATFJORD ØST,1998,11,30,d,producing,53402,Sm3,7562000,Sm3,,Sm3,0,Sm3
33/9-M-1 H,2154,STATFJORD ØST,1998,12,30.91,d,producing,63792,Sm3,9017000,Sm3,,Sm3,0,Sm3
33/9-M-1 H,2154,STATFJORD ØST,1999,1,30.7,d,producing,59945,Sm3,8513000,Sm3,,Sm3,0,Sm3
33/9-M-1 H,2154,STATFJORD ØST,1999,2,27.85,d,producing,48867,Sm3,6939000,Sm3,,Sm3,0,Sm3
33/9-M-1 H,2154,STATFJORD ØST,1999,3,30.77,d,producing,40745,Sm3,5785000,Sm3,,Sm3,0,Sm3
33/9-M-1 H,2154,STATFJORD ØST,1999,4,29.22,d,producing,34079,Sm3,4839000,Sm3,,Sm3,1850,Sm3
33/9-M-1 H,2154,STATFJORD ØST,1999,5,20.73,d,producing,23157,Sm3,3287000,Sm3,,Sm3,9278,Sm3
33/9-M-1 H,2154,STATFJORD ØST,1999,6,22.28,d,producing,26235,Sm3,3725000,Sm3,,Sm3,12890,Sm3
33/9-M-1 H,2154,STATFJORD ØST,1999,7,30.47,d,producing,34635,Sm3,4918000,Sm3,,Sm3,16918,Sm3
33/9-M-1 H,2154,STATFJORD ØST,1999,8,30.78,d,producing,41946,Sm3,5956000,Sm3,,Sm3,22369,Sm3
33/9-M-1 H,2154,STATFJORD ØST,1999,9,29.55,d,producing,31047,Sm3,4408000,Sm3,,Sm3,15860,Sm3
33/9-M-1 H,2154,STATFJORD ØST,1999,10,30.68,d,producing,27278,Sm3,3873000,Sm3,,Sm3,15131,Sm3
33/9-M-1 H,2154,STATFJORD ØST,1999,11,29.3,d,producing,24223,Sm3,3439000,Sm3,,Sm3,14214,Sm3
33/9-M-1 H,2154,STATFJORD ØST,1999,12,30.69,d,producing,14049,Sm3,1989000,Sm3,,Sm3,16196,Sm3
33/9-M-1 H,2154,STATFJORD ØST,2002,1,25.6,d,,3267,Sm3,463000,Sm3,,Sm3,16571,Sm3
33/9-M-1 H,2154,STATFJORD ØST,2002,2,27.67,d,,3278,Sm3,464000,Sm3,,Sm3,17175,Sm3
33/9-M-1 H,2154,STATFJORD ØST,2002,3,14.15,d,,1713,Sm3,243000,Sm3,,Sm3,9632,Sm3
33/9-M-1 H,2154,STATFJORD ØST,2002,4,0,d,,0,Sm3,0,Sm3,,Sm3,0,Sm3
33/9-M-1 H,2154,STATFJORD ØST,2002,5,0,d,,0,Sm3,0,Sm3,,Sm3,0,Sm3
33/9-M-1 H,2154,STATFJORD ØST,2002,6,25.35,d,,1859,Sm3,263000,Sm3,,Sm3,25578,Sm3
33/9-M-1 H,2154,STATFJORD ØST,2002,7,.02,d,,0,Sm3,0,Sm3,,Sm3,0,Sm3
33/9-M-1 H,2154,STATFJORD ØST,2002,8,0,d,,0,Sm3,0,Sm3,,Sm3,0,Sm3
33/9-M-1 H,2154,STATFJORD ØST,2002,9,0,d,,0,Sm3,0,Sm3,,Sm3,0,Sm3
33/9-M-1 H,2154,STATFJORD ØST,2002,10,0,d,,0,Sm3,0,Sm3,,Sm3,0,Sm3
